{
  "tfim": {
    "N": [
      6.0,
      8.0,
      10.0,
      12.0,
      14.0,
      16.0,
      18.0,
      20.0
    ],
    "S": [
      0.5877379107493366,
      0.6350956654735733,
      0.6720147573783958,
      0.7022545114350724,
      0.7278576537207031,
      0.7500553971756216,
      0.7696465073962999,
      0.7871784228816927
    ],
    "c": 0.49716085147358724,
    "const": 0.29058168189198397,
    "r2": 0.9999961235930878,
    "expected_c": 0.5
  },
  "xxz": {
    "N": [
      6.0,
      8.0,
      10.0,
      12.0,
      14.0,
      16.0,
      18.0,
      20.0
    ],
    "S": [
      0.95900637608909,
      1.0511658766146703,
      1.1241023052731078,
      1.1842237417981825,
      1.2352922412094716,
      1.2796494538748038,
      1.3188414406784332,
      1.353938694458729
    ],
    "c": 0.9857010900033307,
    "const": 0.36864887220725867,
    "r2": 0.9999488988821413,
    "expected_c": 1.0
  }
}