{
  "xxz_obc": {
    "model": "xxz",
    "bc": "obc",
    "N": [
      6.0,
      8.0,
      10.0,
      12.0,
      14.0,
      16.0,
      18.0,
      20.0
    ],
    "y": [
      0.2846625944094152,
      0.22284317912819834,
      0.1828792093018192,
      0.15503678493436895,
      0.13456755694160344,
      0.11890165249869249,
      0.10653325061145247,
      0.09652377439751053
    ],
    "power": {
      "a": 1.4457933471935995,
      "b": 0.9010842889513633,
      "r2": 0.9995389573954772,
      "yhat": [
        0.28769105302187853,
        0.22199644674351943,
        0.18156073536053147,
        0.1540539918580876,
        0.1340751390167587,
        0.11887557308412265,
        0.10690546067537239,
        0.09722289154697007
      ],
      "resid": [
        -0.003028458612463314,
        0.0008467323846789165,
        0.0013184739412877289,
        0.000982793076281352,
        0.0004924179248447513,
        2.607941456983509e-05,
        -0.00037221006391992273,
        -0.0006991171494595411
      ]
    },
    "log": {
      "a": 2.2570946197307613,
      "c": -0.4362511017268464,
      "r2": 0.9999987242286976,
      "yhat": [
        0.28459090034418666,
        0.2229466558010814,
        0.182946220885689,
        0.15506985663508732,
        0.13457029386650604,
        0.11887209935869866,
        0.10646809078908048,
        0.09642035159870431
      ],
      "resid": [
        7.169406522855581e-05,
        -0.00010347667288304607,
        -6.701158386979156e-05,
        -3.307170071836785e-05,
        -2.7369249026021336e-06,
        2.9553139993823696e-05,
        6.515982237198514e-05,
        0.0001034227988062214
      ]
    },
    "saturating": {
      "yinf": -0.022557769116358685,
      "yinf_err": 0.0027770279683620755,
      "a": 1.2661272591812438,
      "b": 0.7899906137868021,
      "r2": 0.9999814985184217,
      "yhat": [
        0.2848714735071106,
        0.2223737893909766,
        0.18278846624055692,
        0.15524327382306174,
        0.13485754077839737,
        0.11909787229157201,
        0.10651180061570534,
        0.09620378557042383
      ],
      "resid": [
        -0.00020887909769540247,
        0.0004693897372217426,
        9.074306126227727e-05,
        -0.0002064888886927907,
        -0.00028998383679393336,
        -0.0001962197928795234,
        2.1449995747130357e-05,
        0.00031998882708669796
      ]
    },
    "windowed_power": [
      [
        6.0,
        0.9010842889513633,
        0.9995389573954772
      ],
      [
        8.0,
        0.9142677575145924,
        0.9998625180140024
      ],
      [
        10.0,
        0.9223561917511973,
        0.9999532544085196
      ],
      [
        12.0,
        0.9277615557133942,
        0.9999834715839904
      ],
      [
        14.0,
        0.9315768154339855,
        0.9999944699851878
      ]
    ],
    "windowed_log": [
      [
        6.0,
        -0.4362511017268464,
        0.9999987242286976
      ],
      [
        8.0,
        -0.4412007393071185,
        0.999999430042178
      ],
      [
        10.0,
        -0.44421644640778085,
        0.9999993914710212
      ],
      [
        12.0,
        -0.4478497300397999,
        0.9999993983435131
      ],
      [
        14.0,
        -0.4523833878171893,
        0.9999995349036953
      ]
    ],
    "windowed_yinf": [
      [
        6.0,
        -0.022557769116358685,
        0.0027770279683620755,
        0.9999814985184217
      ],
      [
        8.0,
        -0.014265654026922972,
        0.001549488912864964,
        0.9999957849913377
      ],
      [
        10.0,
        -0.009943270142803285,
        0.0009724382813086376,
        0.9999990031604348
      ],
      [
        12.0,
        -0.007353649712682127,
        0.0006538334768590485,
        0.9999997870021513
      ],
      [
        14.0,
        -0.005658495176359233,
        0.00045894915253002675,
        0.9999999683790997
      ]
    ]
  },
  "tfim_obc": {
    "model": "tfim",
    "bc": "obc",
    "N": [
      6.0,
      8.0,
      10.0,
      12.0,
      14.0,
      16.0,
      18.0,
      20.0
    ],
    "y": [
      0.6678017167658843,
      0.5620941428017461,
      0.5030723996011217,
      0.4648896983751549,
      0.43792432491589817,
      0.4177361433987731,
      0.4019782717484542,
      0.3892875566163548
    ],
    "power": {
      "a": 1.4220144443134346,
      "b": 0.4411021972866632,
      "r2": 0.9847430980242299,
      "yhat": [
        0.6451486331047837,
        0.5682625426432464,
        0.5149935746084403,
        0.47519820219561854,
        0.4439605828817197,
        0.41856608660801864,
        0.397375006136403,
        0.3793296741845199
      ],
      "resid": [
        0.022653083661100637,
        -0.006168399841500305,
        -0.011921175007318596,
        -0.01030850382046361,
        -0.006036257965821523,
        -0.000829943209245565,
        0.0046032656120512105,
        0.009957882431834875
      ]
    },
    "log": {
      "a": 11.137846818032457,
      "c": -1.179128786143277,
      "r2": 0.8541468029938593,
      "yhat": [
        0.6347007714493964,
        0.6027787604566621,
        0.5434276583535881,
        0.4877297176298817,
        0.44010467298278855,
        0.40007089170300547,
        0.3663419965067309,
        0.33769792365124435
      ],
      "resid": [
        0.033100945316487884,
        -0.040684617654916044,
        -0.04035525875246637,
        -0.022840019254726784,
        -0.0021803480668903807,
        0.017665251695767603,
        0.0356362752417233,
        0.05158963296511043
      ]
    },
    "saturating": {
      "yinf": 0.2969264643254924,
      "yinf_err": 0.003447239950243824,
      "a": 2.8874343798752946,
      "b": 1.146097507941573,
      "r2": 0.9999443043167494,
      "yhat": [
        0.6673298215361098,
        0.5632950100679881,
        0.5031862752255225,
        0.46429167420982453,
        0.43718769260055945,
        0.41728397917228066,
        0.4020857030094228,
        0.3901240983910961
      ],
      "resid": [
        0.0004718952297745327,
        -0.0012008672662420228,
        -0.00011387562440079435,
        0.0005980241653303908,
        0.0007366323153387144,
        0.00045216422649241306,
        -0.00010743126096862676,
        -0.0008365417747412951
      ]
    },
    "windowed_power": [
      [
        6.0,
        0.4411021972866632,
        0.9847430980242299
      ],
      [
        8.0,
        0.39810990789786055,
        0.992103763418519
      ],
      [
        10.0,
        0.3690366290099433,
        0.9956992465284854
      ],
      [
        12.0,
        0.34738229808353777,
        0.9977092822564205
      ],
      [
        14.0,
        0.33029599694845674,
        0.9988979930662666
      ]
    ],
    "windowed_log": [
      [
        6.0,
        -1.179128786143277,
        0.8541468029938593
      ],
      [
        8.0,
        -1.4199323169959654,
        0.8812992898671944
      ],
      [
        10.0,
        -1.5895910088892342,
        0.9138488449889708
      ],
      [
        12.0,
        -1.7183248675838498,
        0.9437029866329733
      ],
      [
        14.0,
        -1.820781205847824,
        0.968328958860532
      ]
    ],